column,first_value,dtype
default_profile,1.0,int64
default_profile_image,0.0,int64
favourites_count,74.0,int64
followers_count,7.0,int64
friends_count,0.0,int64
geo_enabled,0.0,int64
statuses_count,20.0,int64
verified,0.0,int64
average_tweets_per_day,0.006,float64
account_age_days,3138.0,int64
log_followers_friends_ratio,2.0794415416798357,float64
log_statuses_followers_ratio,0.9650808960435873,float64
log_favourites_followers_ratio,2.2380465718564744,float64
log_normalized_followers,-5.972218015162117,float64
log_normalized_friends,-8.051659556841953,float64
log_normalized_statuses,-5.00713711911853,float64
log_normalized_favourites,-3.7341714433056428,float64
log_tweets_per_friends,3.044522437723423,float64
log_likes_per_tweet,1.272965675812887,float64
log_tweet_to_follower_ratio,0.9650808960435873,float64
log_tweets_per_day_relative_to_age,-8.045677485164406,float64
log_likes_engagement_ratio,2.2380465718564744,float64
high_activity_low_engagement,0.0,int64
high_tweet_low_age,0.0,int64
account_age_category,3.0,int8
has_profile_image,0.0,int64
has_background_image,0.0,int64
description_length,59.0,int64
username_length,8.0,int64
description_word_count,6.0,int64
has_url_in_description,1.0,int64
screen_name_digit_ratio,0.5,float64
description_digit_ratio,0.01694915254237288,float64
description_special_chars_count,0.0,int64
follower_friend_disparity,7.0,int64
is_low_follower_high_activity,0.0,int64
is_high_status_low_engagement,0.0,int64
is_new_with_verified,0.0,int64
is_recently_active_high_activity,0.0,int64
description_uppercase_ratio,0.11864406779661017,float64
username_special_chars_ratio,0.0,float64
has_profile_links,1.0,int64
description_spam_score,0.0,int64
lang_af,0.0,int64
lang_ar,0.0,int64
lang_bg,0.0,int64
lang_ca,0.0,int64
lang_cs,0.0,int64
lang_cy,0.0,int64
lang_da,0.0,int64
lang_de,0.0,int64
lang_el,0.0,int64
lang_en,1.0,int64
lang_es,0.0,int64
lang_et,0.0,int64
lang_fa,0.0,int64
lang_fi,0.0,int64
lang_fr,0.0,int64
lang_he,0.0,int64
lang_hi,0.0,int64
lang_hr,0.0,int64
lang_hu,0.0,int64
lang_id,0.0,int64
lang_it,0.0,int64
lang_ja,0.0,int64
lang_ko,0.0,int64
lang_lt,0.0,int64
lang_lv,0.0,int64
lang_mk,0.0,int64
lang_ne,0.0,int64
lang_nl,0.0,int64
lang_no,0.0,int64
lang_pa,0.0,int64
lang_pl,0.0,int64
lang_pt,0.0,int64
lang_ro,0.0,int64
lang_ru,0.0,int64
lang_sk,0.0,int64
lang_sl,0.0,int64
lang_so,0.0,int64
lang_sq,0.0,int64
lang_sv,0.0,int64
lang_sw,0.0,int64
lang_th,0.0,int64
lang_tl,0.0,int64
lang_tr,0.0,int64
lang_uk,0.0,int64
lang_unknown,0.0,int64
lang_ur,0.0,int64
lang_vi,0.0,int64
lang_zh-cn,0.0,int64
lang_zh-tw,0.0,int64
bow_000,0.0,int64
bow_10,0.0,int64
bow_100,0.0,int64
bow_11,0.0,int64
bow_12,0.0,int64
bow_13,0.0,int64
bow_14,0.0,int64
bow_15,0.0,int64
bow_16,0.0,int64
bow_17,0.0,int64
bow_18,0.0,int64
bow_19,0.0,int64
bow_1st,0.0,int64
bow_20,0.0,int64
bow_2012,0.0,int64
bow_2013,0.0,int64
bow_2014,0.0,int64
bow_2016,0.0,int64
bow_2017,0.0,int64
bow_2018,0.0,int64
bow_2019,0.0,int64
bow_2020,0.0,int64
bow_2021,0.0,int64
bow_21,0.0,int64
bow_22,0.0,int64
bow_23,0.0,int64
bow_24,0.0,int64
bow_25,0.0,int64
bow_26,0.0,int64
bow_28,0.0,int64
bow_2a,0.0,int64
bow_2x,0.0,int64
bow_30,0.0,int64
bow_abc,0.0,int64
bow_account,0.0,int64
bow_action,0.0,int64
bow_activist,0.0,int64
bow_actor,0.0,int64
bow_actress,0.0,int64
bow_actriz,0.0,int64
bow_addict,0.0,int64
bow_adult,0.0,int64
bow_adventure,0.0,int64
bow_adventurer,0.0,int64
bow_adventures,0.0,int64
bow_advice,0.0,int64
bow_advisor,0.0,int64
bow_advocate,0.0,int64
bow_affairs,0.0,int64
bow_aficionado,0.0,int64
bow_agency,0.0,int64
bow_agent,0.0,int64
bow_ai,0.0,int64
bow_air,0.0,int64
bow_al,0.0,int64
bow_album,0.0,int64
bow_ally,0.0,int64
bow_alum,0.0,int64
bow_alumna,0.0,int64
bow_alumni,0.0,int64
bow_amateur,0.0,int64
bow_amazing,0.0,int64
bow_amazon,0.0,int64
bow_ambassador,0.0,int64
bow_america,0.0,int64
bow_american,0.0,int64
bow_amo,0.0,int64
bow_amor,0.0,int64
bow_analysis,0.0,int64
bow_analyst,0.0,int64
bow_anchor,0.0,int64
bow_angeles,0.0,int64
bow_animal,0.0,int64
bow_animals,0.0,int64
bow_anime,0.0,int64
bow_anti,0.0,int64
bow_ap,0.0,int64
bow_app,0.0,int64
bow_area,0.0,int64
bow_army,0.0,int64
bow_art,0.0,int64
bow_artist,0.0,int64
bow_arts,0.0,int64
bow_ask,0.0,int64
bow_aspiring,0.0,int64
bow_ass,0.0,int64
bow_assistant,0.0,int64
bow_associate,0.0,int64
bow_athlete,0.0,int64
bow_attorney,0.0,int64
bow_author,0.0,int64
bow_available,0.0,int64
bow_average,0.0,int64
bow_avid,0.0,int64
bow_award,0.0,int64
bow_away,0.0,int64
bow_awesome,0.0,int64
bow_baby,0.0,int64
bow_bad,0.0,int64
bow_band,0.0,int64
bow_baseball,0.0,int64
bow_based,0.0,int64
bow_basketball,0.0,int64
bow_bay,0.0,int64
bow_beach,0.0,int64
bow_beat,0.0,int64
bow_beautiful,0.0,int64
bow_beauty,0.0,int64
bow_beer,0.0,int64
bow_believe,0.0,int64
bow_believer,0.0,int64
bow_best,0.0,int64
bow_bestselling,0.0,int64
bow_better,0.0,int64
bow_bi,0.0,int64
bow_bidenharris2020,0.0,int64
bow_big,0.0,int64
bow_bio,0.0,int64
bow_bit,0.0,int64
bow_bitch,0.0,int64
bow_bitcoin,0.0,int64
bow_biz,0.0,int64
bow_black,0.0,int64
bow_blacklivesmatter,0.0,int64
bow_blessed,0.0,int64
bow_blm,0.0,int64
bow_blockchain,0.0,int64
bow_blocked,0.0,int64
bow_blog,0.0,int64
bow_blogger,0.0,int64
bow_blue,0.0,int64
bow_board,0.0,int64
bow_body,0.0,int64
bow_book,0.0,int64
bow_booking,0.0,int64
bow_bookings,0.0,int64
bow_books,0.0,int64
bow_born,0.0,int64
bow_boston,0.0,int64
bow_bot,0.0,int64
bow_boy,0.0,int64
bow_boys,0.0,int64
bow_br,0.0,int64
bow_brand,0.0,int64
bow_breaking,0.0,int64
bow_brother,0.0,int64
bow_build,0.0,int64
bow_building,0.0,int64
bow_business,0.0,int64
bow_buy,0.0,int64
bow_ca,0.0,int64
bow_california,0.0,int64
bow_canal,0.0,int64
bow_cancer,0.0,int64
bow_candidate,0.0,int64
bow_care,0.0,int64
bow_cars,0.0,int64
bow_cat,0.0,int64
bow_cats,0.0,int64
bow_cbs,0.0,int64
bow_center,0.0,int64
bow_central,0.0,int64
bow_ceo,0.0,int64
bow_certified,0.0,int64
bow_chair,0.0,int64
bow_champ,0.0,int64
bow_champion,0.0,int64
bow_change,0.0,int64
bow_channel,0.0,int64
bow_che,0.0,int64
bow_check,0.0,int64
bow_chef,0.0,int64
bow_chicago,0.0,int64
bow_chief,0.0,int64
bow_child,0.0,int64
bow_children,0.0,int64
bow_christ,0.0,int64
bow_christian,0.0,int64
bow_citizen,0.0,int64
bow_city,0.0,int64
bow_click,0.0,int64
bow_club,0.0,int64
bow_cnn,0.0,int64
bow_coach,0.0,int64
bow_code,0.0,int64
bow_coffee,0.0,int64
bow_collection,0.0,int64
bow_collector,0.0,int64
bow_college,0.0,int64
bow_columnist,0.0,int64
bow_com,0.0,int64
bow_come,1.0,int64
bow_comedian,0.0,int64
bow_comedy,0.0,int64
bow_comes,0.0,int64
bow_comic,0.0,int64
bow_comics,0.0,int64
bow_coming,0.0,int64
bow_comms,0.0,int64
bow_communications,0.0,int64
bow_community,0.0,int64
bow_como,0.0,int64
bow_company,0.0,int64
bow_computer,0.0,int64
bow_conductora,0.0,int64
bow_connoisseur,0.0,int64
bow_conservative,0.0,int64
bow_consultant,0.0,int64
bow_contact,0.0,int64
bow_contacto,0.0,int64
bow_contato,0.0,int64
bow_content,0.0,int64
bow_contrataciones,0.0,int64
bow_contributor,0.0,int64
bow_cook,0.0,int64
bow_cool,0.0,int64
bow_corporate,0.0,int64
bow_correspondent,0.0,int64
bow_cosplay,0.0,int64
bow_cosplayer,1.0,int64
bow_costume,0.0,int64
bow_country,0.0,int64
bow_county,0.0,int64
bow_cover,0.0,int64
bow_covering,0.0,int64
bow_crazy,0.0,int64
bow_create,0.0,int64
bow_created,0.0,int64
bow_creative,0.0,int64
bow_creator,0.0,int64
bow_cricketer,0.0,int64
bow_crime,0.0,int64
bow_crypto,0.0,int64
bow_cubs,0.0,int64
bow_cuenta,0.0,int64
bow_culture,0.0,int64
bow_curious,0.0,int64
bow_current,0.0,int64
bow_currently,0.0,int64
bow_cute,0.0,int64
bow_da,0.0,int64
bow_dad,0.0,int64
bow_daddy,0.0,int64
bow_daily,0.0,int64
bow_dance,0.0,int64
bow_dancer,0.0,int64
bow_dancing,0.0,int64
bow_data,0.0,int64
bow_daughter,0.0,int64
bow_day,0.0,int64
bow_days,0.0,int64
bow_dc,0.0,int64
bow_dear,0.0,int64
bow_dedicated,0.0,int64
bow_del,0.0,int64
bow_democrat,0.0,int64
bow_design,0.0,int64
bow_designer,0.0,int64
bow_developer,0.0,int64
bow_development,0.0,int64
bow_di,0.0,int64
bow_die,0.0,int64
bow_different,0.0,int64
bow_digital,0.0,int64
bow_director,0.0,int64
bow_disney,0.0,int64
bow_district,0.0,int64
bow_dj,0.0,int64
bow_dm,0.0,int64
bow_dms,0.0,int64
bow_doctor,0.0,int64
bow_does,0.0,int64
bow_doesn,0.0,int64
bow_dog,0.0,int64
bow_dogs,0.0,int64
bow_doing,0.0,int64
bow_don,0.0,int64
bow_dont,0.0,int64
bow_download,0.0,int64
bow_dr,0.0,int64
bow_dream,0.0,int64
bow_dreamer,0.0,int64
bow_dreams,0.0,int64
bow_du,0.0,int64
bow_dude,0.0,int64
bow_earth,0.0,int64
bow_east,0.0,int64
bow_easy,0.0,int64
bow_eat,0.0,int64
bow_ed,0.0,int64
bow_editor,0.0,int64
bow_education,0.0,int64
bow_educator,0.0,int64
bow_el,0.0,int64
bow_em,0.0,int64
bow_email,0.0,int64
bow_emmy,0.0,int64
bow_en,0.0,int64
bow_end,0.0,int64
bow_endorsement,0.0,int64
bow_endorsements,0.0,int64
bow_energy,0.0,int64
bow_engineer,0.0,int64
bow_english,0.0,int64
bow_enjoy,0.0,int64
bow_enquiries,0.0,int64
bow_entertainment,0.0,int64
bow_enthusiast,0.0,int64
bow_entrepreneur,0.0,int64
bow_equality,0.0,int64
bow_es,0.0,int64
bow_espn,0.0,int64
bow_est,0.0,int64
bow_estate,0.0,int64
bow_et,0.0,int64
bow_eu,0.0,int64
bow_events,0.0,int64
bow_everyday,0.0,int64
bow_ex,0.0,int64
bow_executive,0.0,int64
bow_experience,0.0,int64
bow_expert,0.0,int64
bow_expressed,0.0,int64
bow_facebook,0.0,int64
bow_faith,0.0,int64
bow_family,0.0,int64
bow_fan,0.0,int64
bow_fanatic,0.0,int64
bow_fantasy,0.0,int64
bow_fashion,0.0,int64
bow_fast,0.0,int64
bow_father,0.0,int64
bow_favorite,0.0,int64
bow_fb,0.0,int64
bow_fbr,0.0,int64
bow_fc,0.0,int64
bow_fear,0.0,int64
bow_feed,0.0,int64
bow_feel,0.0,int64
bow_fellow,0.0,int64
bow_feminist,0.0,int64
bow_fi,0.0,int64
bow_fight,0.0,int64
bow_fighter,0.0,int64
bow_fighting,0.0,int64
bow_figure,0.0,int64
bow_film,0.0,int64
bow_filmmaker,0.0,int64
bow_films,0.0,int64
bow_finance,0.0,int64
bow_financial,0.0,int64
bow_fitness,1.0,int64
bow_fl,0.0,int64
bow_florida,0.0,int64
bow_follow,0.0,int64
bow_follower,0.0,int64
bow_following,0.0,int64
bow_food,0.0,int64
bow_foodie,0.0,int64
bow_football,0.0,int64
bow_forever,0.0,int64
bow_foundation,0.0,int64
bow_founded,0.0,int64
bow_founder,0.0,int64
bow_fox,0.0,int64
bow_free,0.0,int64
bow_freedom,0.0,int64
bow_freelance,0.0,int64
bow_friend,0.0,int64
bow_friendly,0.0,int64
bow_friends,0.0,int64
bow_fuck,0.0,int64
bow_fun,0.0,int64
bow_funny,0.0,int64
bow_future,0.0,int64
bow_game,0.0,int64
bow_gamer,0.0,int64
bow_games,0.0,int64
bow_gaming,0.0,int64
bow_gay,0.0,int64
bow_geek,0.0,int64
bow_general,0.0,int64
bow_gently,0.0,int64
bow_getting,0.0,int64
bow_girl,0.0,int64
bow_girls,0.0,int64
bow_global,0.0,int64
bow_gmail,0.0,int64
bow_goal,0.0,int64
bow_god,0.0,int64
bow_going,0.0,int64
bow_gold,0.0,int64
bow_golf,0.0,int64
bow_gonna,0.0,int64
bow_good,0.0,int64
bow_google,0.0,int64
bow_got,0.0,int64
bow_government,0.0,int64
bow_grad,0.0,int64
bow_graduate,0.0,int64
bow_graphic,0.0,int64
bow_great,0.0,int64
bow_green,0.0,int64
bow_group,0.0,int64
bow_grow,0.0,int64
bow_guitar,0.0,int64
bow_guy,0.0,int64
bow_hacked,0.0,int64
bow_hair,0.0,int64
bow_half,0.0,int64
bow_happiness,0.0,int64
bow_happy,0.0,int64
bow_hard,0.0,int64
bow_harshly,0.0,int64
bow_hate,0.0,int64
bow_having,0.0,int64
bow_head,0.0,int64
bow_health,0.0,int64
bow_healthcare,0.0,int64
bow_heart,0.0,int64
bow_hell,0.0,int64
bow_hello,0.0,int64
bow_help,0.0,int64
bow_helping,0.0,int64
bow_hey,0.0,int64
bow_hi,0.0,int64
bow_high,0.0,int64
bow_hip,0.0,int64
bow_history,0.0,int64
bow_hockey,0.0,int64
bow_home,0.0,int64
bow_hop,0.0,int64
bow_hope,0.0,int64
bow_horror,0.0,int64
bow_host,0.0,int64
bow_hour,0.0,int64
bow_hours,0.0,int64
bow_house,0.0,int64
bow_http,0.0,int64
bow_https,1.0,int64
bow_huge,0.0,int64
bow_human,0.0,int64
bow_humor,0.0,int64
bow_husband,0.0,int64
bow_ice,0.0,int64
bow_idea,0.0,int64
bow_ideas,0.0,int64
bow_ig,0.0,int64
bow_il,0.0,int64
bow_illustrator,0.0,int64
bow_im,0.0,int64
bow_independent,0.0,int64
bow_india,0.0,int64
bow_indian,0.0,int64
bow_indonesia,0.0,int64
bow_industry,0.0,int64
bow_influencer,0.0,int64
bow_info,0.0,int64
bow_information,0.0,int64
bow_inquiries,0.0,int64
bow_inspired,0.0,int64
bow_insta,0.0,int64
bow_instagram,0.0,int64
bow_interested,0.0,int64
bow_interesting,0.0,int64
bow_international,0.0,int64
bow_internet,0.0,int64
bow_investing,0.0,int64
bow_investment,0.0,int64
bow_investor,0.0,int64
bow_island,0.0,int64
bow_jersey,0.0,int64
bow_jesus,0.0,int64
bow_job,0.0,int64
bow_john,0.0,int64
bow_join,0.0,int64
bow_journalism,0.0,int64
bow_journalist,0.0,int64
bow_journey,0.0,int64
bow_judge,0.0,int64
bow_jugador,0.0,int64
bow_junkie,0.0,int64
bow_just,0.0,int64
bow_justice,0.0,int64
bow_justin,0.0,int64
bow_kid,0.0,int64
bow_kids,0.0,int64
bow_kind,0.0,int64
bow_king,0.0,int64
bow_know,0.0,int64
bow_la,0.0,int64
bow_lady,0.0,int64
bow_language,0.0,int64
bow_largest,0.0,int64
bow_las,0.0,int64
bow_late,0.0,int64
bow_latest,0.0,int64
bow_laugh,0.0,int64
bow_law,0.0,int64
bow_lawyer,0.0,int64
bow_le,0.0,int64
bow_lead,0.0,int64
bow_leader,0.0,int64
bow_leadership,0.0,int64
bow_leading,0.0,int64
bow_league,0.0,int64
bow_learn,0.0,int64
bow_learning,0.0,int64
bow_left,0.0,int64
bow_les,0.0,int64
bow_let,0.0,int64
bow_lgbtq,0.0,int64
bow_liberal,0.0,int64
bow_life,0.0,int64
bow_lifestyle,0.0,int64
bow_light,0.0,int64
bow_like,0.0,int64
bow_likes,0.0,int64
bow_line,0.0,int64
bow_link,0.0,int64
bow_listen,0.0,int64
bow_little,0.0,int64
bow_live,0.0,int64
bow_lives,0.0,int64
bow_living,0.0,int64
bow_ll,0.0,int64
bow_llc,0.0,int64
bow_lo,0.0,int64
bow_local,0.0,int64
bow_lol,0.0,int64
bow_london,0.0,int64
bow_long,0.0,int64
bow_look,0.0,int64
bow_looking,0.0,int64
bow_lord,0.0,int64
bow_los,0.0,int64
bow_lost,0.0,int64
bow_lot,0.0,int64
bow_love,0.0,int64
bow_lover,1.0,int64
bow_loves,0.0,int64
bow_loving,0.0,int64
bow_low,0.0,int64
bow_ma,0.0,int64
bow_maga,0.0,int64
bow_magazine,0.0,int64
bow_mail,0.0,int64
bow_mais,0.0,int64
bow_major,0.0,int64
bow_make,0.0,int64
bow_maker,0.0,int64
bow_makes,0.0,int64
bow_makeup,0.0,int64
bow_making,0.0,int64
bow_mama,0.0,int64
bow_man,0.0,int64
bow_management,0.0,int64
bow_manager,0.0,int64
bow_managing,0.0,int64
bow_marine,0.0,int64
bow_market,0.0,int64
bow_marketer,0.0,int64
bow_marketing,0.0,int64
bow_markets,0.0,int64
bow_married,0.0,int64
bow_marvel,0.0,int64
bow_mas,0.0,int64
bow_mask,0.0,int64
bow_master,0.0,int64
bow_math,0.0,int64
bow_matter,0.0,int64
bow_mean,0.0,int64
bow_media,0.0,int64
bow_medical,0.0,int64
bow_meet,0.0,int64
bow_member,0.0,int64
bow_men,0.0,int64
bow_mental,0.0,int64
bow_mentor,0.0,int64
bow_meu,0.0,int64
bow_mi,0.0,int64
bow_miami,0.0,int64
bow_michael,0.0,int64
bow_michigan,0.0,int64
bow_middle,0.0,int64
bow_military,0.0,int64
bow_mind,0.0,int64
bow_miss,0.0,int64
bow_mission,0.0,int64
bow_model,0.0,int64
bow_modelo,0.0,int64
bow_modern,0.0,int64
bow_mom,0.0,int64
bow_mommy,0.0,int64
bow_money,0.0,int64
bow_morning,0.0,int64
bow_mother,0.0,int64
bow_movie,0.0,int64
bow_movies,0.0,int64
bow_multi,0.0,int64
bow_mundo,0.0,int64
bow_music,0.0,int64
bow_musical,0.0,int64
bow_musician,0.0,int64
bow_más,0.0,int64
bow_música,0.0,int64
bow_na,0.0,int64
bow_nation,0.0,int64
bow_national,0.0,int64
bow_native,0.0,int64
bow_natural,0.0,int64
bow_nature,0.0,int64
bow_navy,0.0,int64
bow_nba,0.0,int64
bow_nbc,0.0,int64
bow_need,0.0,int64
bow_needs,0.0,int64
bow_nerd,0.0,int64
bow_net,0.0,int64
bow_netflix,0.0,int64
bow_network,0.0,int64
bow_new,0.0,int64
bow_news,0.0,int64
bow_newsletter,0.0,int64
bow_nfl,0.0,int64
bow_nice,0.0,int64
bow_night,0.0,int64
bow_non,0.0,int64
bow_nurse,0.0,int64
bow_ny,0.0,int64
bow_nyc,0.0,int64
bow_nyt,0.0,int64
bow_nytimes,0.0,int64
bow_não,0.0,int64
bow_obsessed,0.0,int64
bow_occasional,0.0,int64
bow_office,0.0,int64
bow_officer,0.0,int64
bow_official,0.0,int64
bow_oficial,0.0,int64
bow_oh,0.0,int64
bow_ok,0.0,int64
bow_old,0.0,int64
bow_online,0.0,int64
bow_open,0.0,int64
bow_opinion,0.0,int64
bow_opinions,0.0,int64
bow_order,0.0,int64
bow_original,0.0,int64
bow_owner,0.0,int64
bow_pa,0.0,int64
bow_page,0.0,int64
bow_painter,0.0,int64
bow_para,0.0,int64
bow_partner,0.0,int64
bow_party,0.0,int64
bow_passion,0.0,int64
bow_passionate,0.0,int64
bow_past,0.0,int64
bow_patriot,0.0,int64
bow_peace,0.0,int64
bow_people,0.0,int64
bow_perfect,0.0,int64
bow_periodista,0.0,int64
bow_person,0.0,int64
bow_personal,0.0,int64
bow_personality,0.0,int64
bow_phd,0.0,int64
bow_philly,0.0,int64
bow_photo,0.0,int64
bow_photographer,0.0,int64
bow_photography,0.0,int64
bow_photos,0.0,int64
bow_pictures,0.0,int64
bow_place,0.0,int64
bow_planet,0.0,int64
bow_plant,0.0,int64
bow_play,0.0,int64
bow_player,0.0,int64
bow_pm,0.0,int64
bow_podcast,0.0,int64
bow_podcaster,0.0,int64
bow_poet,0.0,int64
bow_point,0.0,int64
bow_policy,0.0,int64
bow_political,0.0,int64
bow_politico,0.0,int64
bow_politics,0.0,int64
bow_pop,0.0,int64
bow_por,0.0,int64
bow_positive,0.0,int64
bow_post,0.0,int64
bow_power,0.0,int64
bow_powered,0.0,int64
bow_pr,0.0,int64
bow_pre,0.0,int64
bow_presenter,0.0,int64
bow_president,0.0,int64
bow_press,0.0,int64
bow_pretty,0.0,int64
bow_previously,0.0,int64
bow_private,0.0,int64
bow_pro,0.0,int64
bow_probably,0.0,int64
bow_producer,0.0,int64
bow_product,0.0,int64
bow_production,0.0,int64
bow_products,0.0,int64
bow_professional,0.0,int64
bow_professor,0.0,int64
bow_profile,0.0,int64
bow_program,0.0,int64
bow_progress,0.0,int64
bow_progressive,0.0,int64
bow_project,0.0,int64
bow_pronouns,0.0,int64
bow_proud,0.0,int64
bow_proudly,0.0,int64
bow_providing,0.0,int64
bow_public,0.0,int64
bow_published,0.0,int64
bow_quality,0.0,int64
bow_que,0.0,int64
bow_queen,0.0,int64
bow_queer,0.0,int64
bow_questions,0.0,int64
bow_radio,0.0,int64
bow_raised,0.0,int64
bow_random,0.0,int64
bow_rapper,0.0,int64
bow_read,0.0,int64
bow_reader,0.0,int64
bow_reading,0.0,int64
bow_real,0.0,int64
bow_reality,0.0,int64
bow_really,0.0,int64
bow_red,0.0,int64
bow_relations,0.0,int64
bow_rep,0.0,int64
bow_reporter,0.0,int64
bow_represent,0.0,int64
bow_research,0.0,int64
bow_researcher,0.0,int64
bow_resist,0.0,int64
bow_resistance,0.0,int64
bow_retired,0.0,int64
bow_retweets,0.0,int64
bow_right,0.0,int64
bow_rights,0.0,int64
bow_rip,0.0,int64
bow_road,0.0,int64
bow_rock,0.0,int64
bow_rt,0.0,int64
bow_rts,0.0,int64
bow_rule,0.0,int64
bow_run,0.0,int64
bow_runner,0.0,int64
bow_running,0.0,int64
bow_said,0.0,int64
bow_sales,0.0,int64
bow_san,0.0,int64
bow_sarcasm,0.0,int64
bow_save,0.0,int64
bow_say,0.0,int64
bow_sc,0.0,int64
bow_school,0.0,int64
bow_sci,0.0,int64
bow_science,0.0,int64
bow_scientist,0.0,int64
bow_se,0.0,int64
bow_security,0.0,int64
bow_seen,0.0,int64
bow_self,0.0,int64
bow_selling,0.0,int64
bow_sempre,0.0,int64
bow_send,0.0,int64
bow_senior,0.0,int64
bow_sense,0.0,int64
bow_ser,0.0,int64
bow_series,0.0,int64
bow_service,0.0,int64
bow_services,0.0,int64
bow_serving,0.0,int64
bow_share,0.0,int64
bow_sharing,0.0,int64
bow_shit,0.0,int64
bow_shop,0.0,int64
bow_short,0.0,int64
bow_shows,0.0,int64
bow_si,0.0,int64
bow_sign,0.0,int64
bow_simple,0.0,int64
bow_sing,0.0,int64
bow_singer,0.0,int64
bow_single,0.0,int64
bow_sister,0.0,int64
bow_site,0.0,int64
bow_sky,0.0,int64
bow_slowly,0.0,int64
bow_small,0.0,int64
bow_smart,0.0,int64
bow_smile,0.0,int64
bow_snap,0.0,int64
bow_snapchat,0.0,int64
bow_sobre,0.0,int64
bow_soccer,0.0,int64
bow_social,0.0,int64
bow_software,0.0,int64
bow_solo,0.0,int64
bow_solutions,0.0,int64
bow_son,0.0,int64
bow_song,0.0,int64
bow_songwriter,0.0,int64
bow_soon,0.0,int64
bow_sou,0.0,int64
bow_soul,0.0,int64
bow_source,0.0,int64
bow_south,0.0,int64
bow_southern,0.0,int64
bow_soy,0.0,int64
bow_space,0.0,int64
bow_speak,0.0,int64
bow_speaker,0.0,int64
bow_special,0.0,int64
bow_specialist,0.0,int64
bow_spirit,0.0,int64
bow_sport,0.0,int64
bow_sports,0.0,int64
bow_spotify,0.0,int64
bow_staff,0.0,int64
bow_stan,0.0,int64
bow_stand,0.0,int64
bow_star,0.0,int64
bow_stars,0.0,int64
bow_start,0.0,int64
bow_state,0.0,int64
bow_stay,0.0,int64
bow_stock,0.0,int64
bow_stocks,0.0,int64
bow_stop,0.0,int64
bow_store,0.0,int64
bow_stories,0.0,int64
bow_story,0.0,int64
bow_storyteller,0.0,int64
bow_straight,0.0,int64
bow_strategist,0.0,int64
bow_strategy,0.0,int64
bow_stream,0.0,int64
bow_streamer,0.0,int64
bow_street,0.0,int64
bow_strong,0.0,int64
bow_student,0.0,int64
bow_studio,0.0,int64
bow_stuff,0.0,int64
bow_style,0.0,int64
bow_subscribe,0.0,int64
bow_success,0.0,int64
bow_sun,0.0,int64
bow_super,0.0,int64
bow_support,0.0,int64
bow_supporter,0.0,int64
bow_survivor,0.0,int64
bow_sweet,0.0,int64
bow_taken,0.0,int64
bow_taking,0.0,int64
bow_talent,0.0,int64
bow_talk,0.0,int64
bow_te,0.0,int64
bow_tea,0.0,int64
bow_teacher,0.0,int64
bow_teaching,0.0,int64
bow_team,0.0,int64
bow_tech,0.0,int64
bow_technology,0.0,int64
bow_tell,0.0,int64
bow_tennis,0.0,int64
bow_texas,0.0,int64
bow_text,0.0,int64
bow_theatre,0.0,int64
bow_theresistance,0.0,int64
bow_thing,0.0,int64
bow_things,0.0,int64
bow_think,0.0,int64
bow_thinker,0.0,int64
bow_thinking,0.0,int64
bow_thoughts,0.0,int64
bow_time,0.0,int64
bow_times,0.0,int64
bow_tips,0.0,int64
bow_tired,0.0,int64
bow_today,0.0,int64
bow_todo,0.0,int64
bow_tour,0.0,int64
bow_town,0.0,int64
bow_trade,0.0,int64
bow_trader,0.0,int64
bow_trading,0.0,int64
bow_trainer,0.0,int64
bow_training,0.0,int64
bow_travel,0.0,int64
bow_traveler,0.0,int64
bow_true,0.0,int64
bow_trump,0.0,int64
bow_trust,0.0,int64
bow_truth,0.0,int64
bow_try,0.0,int64
bow_trying,0.0,int64
bow_tu,0.0,int64
bow_turned,0.0,int64
bow_tv,0.0,int64
bow_tweet,0.0,int64
bow_tweeting,0.0,int64
bow_tweets,0.0,int64
bow_twitch,0.0,int64
bow_twitter,0.0,int64
bow_uk,0.0,int64
bow_um,0.0,int64
bow_uma,0.0,int64
bow_una,0.0,int64
bow_unique,0.0,int64
bow_united,0.0,int64
bow_universe,0.0,int64
bow_university,0.0,int64
bow_unknown,0.0,int64
bow_updates,0.0,int64
bow_usa,0.0,int64
bow_use,0.0,int64
bow_used,0.0,int64
bow_using,0.0,int64
bow_va,0.0,int64
bow_ve,0.0,int64
bow_vegan,0.0,int64
bow_vegas,0.0,int64
bow_vet,0.0,int64
bow_veteran,0.0,int64
bow_vice,0.0,int64
bow_vida,0.0,int64
bow_video,0.0,int64
bow_videos,0.0,int64
bow_views,0.0,int64
bow_visit,0.0,int64
bow_você,0.0,int64
bow_voice,0.0,int64
bow_vote,0.0,int64
bow_voteblue,0.0,int64
bow_waiting,0.0,int64
bow_wanna,0.0,int64
bow_wannabe,0.0,int64
bow_want,0.0,int64
bow_warrior,0.0,int64
bow_wars,0.0,int64
bow_washington,0.0,int64
bow_watch,0.0,int64
bow_watching,0.0,int64
bow_way,0.0,int64
bow_wear,0.0,int64
bow_weather,0.0,int64
bow_web,0.0,int64
bow_website,0.0,int64
bow_weird,0.0,int64
bow_welcome,0.0,int64
bow_west,0.0,int64
bow_white,0.0,int64
bow_wife,0.0,int64
bow_wine,0.0,int64
bow_winner,0.0,int64
bow_winning,0.0,int64
bow_woman,0.0,int64
bow_women,0.0,int64
bow_won,0.0,int64
bow_wonderful,0.0,int64
bow_word,0.0,int64
bow_words,0.0,int64
bow_work,0.0,int64
bow_worker,0.0,int64
bow_working,0.0,int64
bow_works,0.0,int64
bow_world,0.0,int64
bow_wrestling,0.0,int64
bow_write,0.0,int64
bow_writer,0.0,int64
bow_writing,0.0,int64
bow_wwe,0.0,int64
bow_ya,0.0,int64
bow_year,0.0,int64
bow_years,0.0,int64
bow_yes,0.0,int64
bow_yo,0.0,int64
bow_yoga,0.0,int64
bow_york,0.0,int64
bow_young,0.0,int64
bow_youth,0.0,int64
bow_youtube,0.0,int64
bow_youtuber,0.0,int64
bow_الله,0.0,int64
bow_على,0.0,int64
bow_في,0.0,int64
bow_لا,0.0,int64
bow_ما,0.0,int64
bow_من,0.0,int64
topic_0,0.32566970567941883,float64
topic_1,0.5741828097015712,float64
topic_2,0.03347365408813333,float64
topic_3,0.03333341567350415,float64
topic_4,0.03334041485737236,float64
nouns_count,3.0,int64
verbs_count,1.0,int64
adjectives_count,0.0,int64
adverbs_count,0.0,int64
entities_count,2.0,int64
person_entities_count,0.0,int64
org_entities_count,2.0,int64
